age,gender,hours_social,sleep_hours,work_hours,target,source,productivity
21.0,Male,2.0,7.2,9.0,1.0,burnout,
21.0,Female,5.0,7.2,9.0,1.0,burnout,
21.0,Female,3.0,7.2,9.0,1.0,burnout,
21.0,Female,5.0,7.2,9.0,1.0,burnout,
21.0,Female,2.0,7.2,9.0,1.0,burnout,
22.0,Female,2.0,7.2,9.0,1.0,burnout,
21.0,Female,3.0,7.2,9.0,1.0,burnout,
21.0,Female,5.0,7.2,9.0,1.0,burnout,
21.0,Female,5.0,7.2,9.0,1.0,burnout,
20.0,Male,3.0,7.2,9.0,0.0,burnout,
24.0,Male,2.0,7.2,9.0,1.0,burnout,
21.0,Female,3.0,7.2,9.0,0.0,burnout,
22.0,Female,3.0,7.2,9.0,1.0,burnout,
21.0,Female,3.0,7.2,9.0,1.0,burnout,
22.0,Male,5.0,7.2,9.0,1.0,burnout,
23.0,Male,1.0,7.2,9.0,1.0,burnout,
21.0,Male,3.0,7.2,9.0,1.0,burnout,
25.0,Male,4.0,7.2,9.0,0.0,burnout,
28.0,Male,1.0,7.2,10.0,1.0,burnout,
34.0,Male,1.0,7.2,10.0,1.0,burnout,
22.0,Male,2.0,7.2,9.0,0.0,burnout,
23.0,Male,5.0,7.2,9.0,1.0,burnout,
26.0,Female,3.0,6.4,10.0,1.0,burnout,
23.0,Female,1.0,7.2,9.0,1.0,burnout,
23.0,Male,3.0,7.2,9.0,1.0,burnout,
35.0,Female,3.0,6.4,10.0,1.0,burnout,
20.0,Male,3.0,7.2,9.0,1.0,burnout,
35.0,Male,2.0,7.2,10.0,1.0,burnout,
22.0,Female,4.0,7.2,9.0,1.0,burnout,
21.0,Female,3.0,7.2,9.0,1.0,burnout,
22.0,Female,3.0,7.2,9.0,1.0,burnout,
35.0,Male,2.0,7.2,10.0,0.0,burnout,
24.0,Male,2.0,7.2,9.0,0.0,burnout,
18.0,Female,2.0,7.2,9.0,1.0,burnout,
19.0,Female,3.0,7.2,9.0,1.0,burnout,
21.0,Nonbinary ,5.0,7.2,9.0,1.0,burnout,
21.0,Male,3.0,7.2,9.0,0.0,burnout,
23.0,Male,3.0,7.2,9.0,1.0,burnout,
22.0,Female,3.0,7.2,9.0,1.0,burnout,
22.0,Male,2.0,7.2,9.0,1.0,burnout,
21.0,Female,1.0,7.2,9.0,0.0,burnout,
21.0,Female,3.0,7.2,9.0,1.0,burnout,
56.0,Female,1.0,8.2,10.0,0.0,burnout,
19.0,Female,5.0,7.2,9.0,1.0,burnout,
24.0,Male,5.0,7.2,9.0,0.0,burnout,
22.0,Female,5.0,7.2,9.0,1.0,burnout,
65.0,Male,3.0,7.2,9.0,0.0,burnout,
17.0,Female,3.0,7.2,9.0,1.0,burnout,
40.0,Male,2.0,7.2,8.0,0.0,burnout,
33.0,Female,3.0,6.4,10.0,0.0,burnout,
22.0,Female,3.0,7.2,9.0,1.0,burnout,
24.0,Male,5.0,7.2,9.0,1.0,burnout,
26.0,Male,3.0,7.2,10.0,1.0,burnout,
55.0,Male,1.0,7.2,9.0,0.0,burnout,
26.0,Male,1.0,7.2,10.0,0.0,burnout,
27.0,Male,5.0,7.2,10.0,1.0,burnout,
22.0,Male,5.0,7.2,9.0,1.0,burnout,
19.0,Female,2.0,7.2,9.0,1.0,burnout,
22.0,Female,2.0,7.2,9.0,1.0,burnout,
20.0,Female,1.0,7.2,9.0,1.0,burnout,
25.0,Female,5.0,7.2,9.0,1.0,burnout,
25.0,Female,1.0,7.2,9.0,1.0,burnout,
18.0,Female,5.0,7.2,9.0,1.0,burnout,
25.0,Male,1.0,7.2,9.0,1.0,burnout,
19.0,Female,2.0,7.2,9.0,1.0,burnout,
24.0,Male,1.0,7.2,9.0,1.0,burnout,
21.0,Male,3.0,7.2,9.0,1.0,burnout,
18.0,Non-binary,2.0,7.2,9.0,1.0,burnout,
14.0,Male,1.0,7.2,9.0,1.0,burnout,
25.0,Male,3.0,7.2,9.0,1.0,burnout,
33.0,Male,3.0,7.2,10.0,0.0,burnout,
23.0,Male,2.0,7.2,9.0,1.0,burnout,
14.0,Female,5.0,7.2,9.0,1.0,burnout,
38.0,Male,1.0,7.2,8.0,0.0,burnout,
23.0,Female,4.0,7.2,9.0,1.0,burnout,
26.0,Male,3.0,7.2,10.0,1.0,burnout,
24.0,Male,2.0,7.2,9.0,1.0,burnout,
21.0,Female,3.0,7.2,9.0,1.0,burnout,
18.0,Female,3.0,7.2,9.0,1.0,burnout,
28.0,Male,3.0,7.2,10.0,1.0,burnout,
22.0,Male,2.0,7.2,9.0,1.0,burnout,
21.0,Male,5.0,7.2,9.0,1.0,burnout,
21.0,Male,5.0,7.2,9.0,1.0,burnout,
21.0,Female,4.0,7.2,9.0,1.0,burnout,
17.0,Male,2.0,7.2,9.0,1.0,burnout,
24.0,NB,2.0,7.2,9.0,1.0,burnout,
22.0,Female,1.0,7.2,9.0,1.0,burnout,
32.0,Female,1.0,6.4,10.0,0.0,burnout,
22.0,Male,2.0,7.2,9.0,0.0,burnout,
20.0,Female,2.0,7.2,9.0,1.0,burnout,
22.0,Male,2.0,7.2,9.0,1.0,burnout,
28.0,Female,3.0,6.4,10.0,1.0,burnout,
22.0,Female,5.0,7.2,9.0,1.0,burnout,
17.0,unsure ,4.0,7.2,9.0,1.0,burnout,
30.0,Female,4.0,6.4,10.0,1.0,burnout,
22.0,Male,5.0,7.2,9.0,1.0,burnout,
14.0,Male,4.0,7.2,9.0,1.0,burnout,
20.0,Male,5.0,7.2,9.0,1.0,burnout,
22.0,Female,5.0,7.2,9.0,1.0,burnout,
16.0,Male,4.0,7.2,9.0,0.0,burnout,
22.0,Female,2.0,7.2,9.0,1.0,burnout,
22.0,Male,1.0,7.2,9.0,1.0,burnout,
22.0,Male,3.0,7.2,9.0,1.0,burnout,
22.0,Male,1.0,7.2,9.0,1.0,burnout,
21.0,Female,4.0,7.2,9.0,0.0,burnout,
23.0,Female,4.0,7.2,9.0,1.0,burnout,
23.0,Female,2.0,7.2,9.0,1.0,burnout,
48.0,Female,1.0,6.6,8.0,0.0,burnout,
21.0,Female,3.0,7.2,9.0,1.0,burnout,
47.0,Female,2.0,6.6,8.0,0.0,burnout,
48.0,Male,2.0,7.2,8.0,1.0,burnout,
26.0,Female,5.0,6.4,10.0,1.0,burnout,
47.0,Male,2.0,7.2,8.0,1.0,burnout,
47.0,Male,1.0,7.2,8.0,1.0,burnout,
27.0,Female,5.0,6.4,10.0,1.0,burnout,
34.0,Female,5.0,6.4,10.0,1.0,burnout,
20.0,Female,2.0,7.2,9.0,1.0,burnout,
22.0,Female,5.0,7.2,9.0,1.0,burnout,
23.0,Female,5.0,7.2,9.0,1.0,burnout,
20.0,Male,4.0,7.2,9.0,1.0,burnout,
48.0,Female,3.0,6.6,8.0,0.0,burnout,
20.0,Female,3.0,7.2,9.0,1.0,burnout,
20.0,Female,4.0,7.2,9.0,1.0,burnout,
22.0,Female,5.0,7.2,9.0,1.0,burnout,
22.0,Female,5.0,7.2,9.0,0.0,burnout,
20.0,Female,5.0,7.2,9.0,1.0,burnout,
24.0,Male,2.0,7.2,9.0,1.0,burnout,
23.0,Female,5.0,7.2,9.0,1.0,burnout,
20.0,Female,3.0,7.2,9.0,1.0,burnout,
16.0,Male,2.0,7.2,9.0,0.0,burnout,
50.0,Female,2.0,6.6,8.0,1.0,burnout,
47.0,Male,1.0,7.2,8.0,0.0,burnout,
24.0,Male,2.0,7.2,9.0,1.0,burnout,
38.0,Female,3.0,6.6,8.0,0.0,burnout,
50.0,Male,1.0,7.2,8.0,0.0,burnout,
49.0,Male,4.0,7.2,8.0,1.0,burnout,
47.0,Female,2.0,6.6,8.0,1.0,burnout,
48.0,Female,2.0,6.6,8.0,0.0,burnout,
51.0,Male,1.0,7.2,9.0,0.0,burnout,
50.0,Male,3.0,7.2,8.0,1.0,burnout,
47.0,Female,3.0,6.6,8.0,0.0,burnout,
27.0,Female,4.0,6.4,10.0,1.0,burnout,
40.0,Female,1.0,6.6,8.0,1.0,burnout,
46.0,Male,3.0,7.2,8.0,0.0,burnout,
21.0,Female,4.0,7.2,9.0,1.0,burnout,
47.0,Female,1.0,6.6,8.0,0.0,burnout,
20.0,Female,5.0,7.2,9.0,1.0,burnout,
47.0,Female,1.0,6.6,8.0,1.0,burnout,
48.0,Male,3.0,7.2,8.0,0.0,burnout,
49.0,Male,4.0,7.2,8.0,1.0,burnout,
21.0,Male,3.0,7.2,9.0,0.0,burnout,
32.0,Female,4.0,6.4,10.0,1.0,burnout,
47.0,Female,2.0,6.6,8.0,0.0,burnout,
50.0,Male,1.0,7.2,8.0,0.0,burnout,
48.0,Male,3.0,7.2,8.0,1.0,burnout,
21.0,Female,3.0,7.2,9.0,1.0,burnout,
47.0,Male,3.0,7.2,8.0,1.0,burnout,
36.0,Female,2.0,6.6,8.0,1.0,burnout,
37.0,Female,1.0,6.6,8.0,1.0,burnout,
19.0,Female,4.0,7.2,9.0,1.0,burnout,
30.0,Male,1.0,7.2,10.0,1.0,burnout,
48.0,Male,3.0,7.2,8.0,0.0,burnout,
48.0,Female,5.0,6.6,8.0,1.0,burnout,
48.0,Male,3.0,7.2,8.0,1.0,burnout,
47.0,Male,2.0,7.2,8.0,1.0,burnout,
47.0,Female,3.0,6.6,8.0,0.0,burnout,
48.0,Male,3.0,7.2,8.0,1.0,burnout,
21.0,Male,2.0,7.2,9.0,1.0,burnout,
48.0,Male,1.0,7.2,8.0,0.0,burnout,
21.0,Male,3.0,7.2,9.0,0.0,burnout,
20.0,Male,5.0,7.2,9.0,1.0,burnout,
20.0,Female,3.0,7.2,9.0,1.0,burnout,
20.0,Male,1.0,7.2,9.0,1.0,burnout,
21.0,Female,1.0,7.2,9.0,1.0,burnout,
20.0,Female,4.0,7.2,9.0,1.0,burnout,
47.0,Male,2.0,7.2,8.0,1.0,burnout,
35.0,Female,3.0,6.4,10.0,0.0,burnout,
23.0,Female,3.0,7.2,9.0,1.0,burnout,
21.0,Female,4.0,7.2,9.0,1.0,burnout,
21.0,Female,2.0,7.2,9.0,1.0,burnout,
37.0,Female,1.0,6.6,8.0,1.0,burnout,
48.0,Male,1.0,7.2,8.0,1.0,burnout,
47.0,Male,3.0,7.2,8.0,1.0,burnout,
25.0,Female,4.0,7.2,9.0,1.0,burnout,
22.0,Female,5.0,7.2,9.0,1.0,burnout,
45.0,Male,2.0,7.2,8.0,0.0,burnout,
47.0,Male,1.0,7.2,8.0,0.0,burnout,
47.0,Female,4.0,6.6,8.0,0.0,burnout,
24.0,Female,5.0,7.2,9.0,1.0,burnout,
21.0,Female,2.0,7.2,9.0,1.0,burnout,
22.0,Female,2.0,7.2,9.0,1.0,burnout,
19.0,Female,2.0,7.2,9.0,1.0,burnout,
21.0,Female,4.0,7.2,9.0,1.0,burnout,
22.0,Female,5.0,7.2,9.0,1.0,burnout,
20.0,Male,3.0,7.2,9.0,1.0,burnout,
42.0,Female,2.0,6.6,8.0,0.0,burnout,
35.0,Female,2.0,6.4,10.0,0.0,burnout,
38.0,Male,4.0,7.2,8.0,0.0,burnout,
17.0,Male,3.0,7.2,9.0,0.0,burnout,
32.0,Male,1.0,7.2,10.0,0.0,burnout,
21.0,Female,1.0,7.2,9.0,1.0,burnout,
22.0,Male,3.0,7.2,9.0,1.0,burnout,
27.0,Female,5.0,6.4,10.0,1.0,burnout,
21.0,Male,3.0,7.2,9.0,1.0,burnout,
27.0,Male,5.0,7.2,10.0,1.0,burnout,
20.0,Male,2.0,7.2,9.0,1.0,burnout,
27.0,Female,3.0,6.4,10.0,1.0,burnout,
24.0,Male,3.0,7.2,9.0,1.0,burnout,
26.0,Female,2.0,6.4,10.0,0.0,burnout,
20.0,Female,3.0,7.2,9.0,1.0,burnout,
31.0,Male,2.0,7.2,10.0,1.0,burnout,
21.0,Male,5.0,7.2,9.0,0.0,burnout,
34.0,Male,5.0,7.2,10.0,1.0,burnout,
22.0,Male,3.0,7.2,9.0,0.0,burnout,
20.0,Female,5.0,7.2,9.0,1.0,burnout,
23.0,Male,4.0,7.2,9.0,0.0,burnout,
48.0,Male,3.0,7.2,8.0,0.0,burnout,
37.0,Male,1.0,7.2,8.0,1.0,burnout,
22.0,Male,1.0,7.2,9.0,1.0,burnout,
50.0,Male,1.0,7.2,8.0,0.0,burnout,
21.0,Female,5.0,7.2,9.0,1.0,burnout,
23.0,Female,2.0,7.2,9.0,0.0,burnout,
21.0,Female,1.0,7.2,9.0,1.0,burnout,
22.0,Female,3.0,7.2,9.0,0.0,burnout,
22.0,Female,5.0,7.2,9.0,1.0,burnout,
22.0,Female,5.0,7.2,9.0,0.0,burnout,
19.0,Female,3.0,7.2,9.0,1.0,burnout,
23.0,Female,2.0,7.2,9.0,1.0,burnout,
46.0,Male,3.0,7.2,8.0,1.0,burnout,
21.0,Male,5.0,7.2,9.0,1.0,burnout,
24.0,Female,5.0,7.2,9.0,1.0,burnout,
20.0,Female,3.0,7.2,9.0,0.0,burnout,
25.0,Male,1.0,7.2,9.0,1.0,burnout,
21.0,Female,3.0,7.2,9.0,0.0,burnout,
23.0,Male,5.0,7.2,9.0,1.0,burnout,
22.0,Female,5.0,7.2,9.0,1.0,burnout,
36.0,Male,3.0,7.2,8.0,0.0,burnout,
22.0,Female,2.0,7.2,9.0,1.0,burnout,
69.0,Trans,5.0,7.2,9.0,1.0,burnout,
25.0,Female,4.0,7.2,9.0,1.0,burnout,
22.0,Female,4.0,7.2,9.0,1.0,burnout,
23.0,Male,3.0,7.2,9.0,1.0,burnout,
23.0,Male,3.0,7.2,9.0,1.0,burnout,
19.0,Female,3.0,7.2,9.0,1.0,burnout,
21.0,Female,1.0,7.2,9.0,0.0,burnout,
27.0,Female,4.0,6.4,10.0,1.0,burnout,
25.0,Female,5.0,7.2,9.0,1.0,burnout,
20.0,Female,2.0,7.2,9.0,1.0,burnout,
34.0,Female,1.0,6.4,10.0,0.0,burnout,
23.0,Female,5.0,7.2,9.0,1.0,burnout,
34.0,Female,1.0,6.4,10.0,0.0,burnout,
26.0,Female,4.0,6.4,10.0,1.0,burnout,
25.0,Male,4.0,7.2,9.0,1.0,burnout,
22.0,Female,2.0,7.2,9.0,0.0,burnout,
20.0,Male,3.0,7.2,9.0,1.0,burnout,
23.0,Female,5.0,7.2,9.0,1.0,burnout,
91.0,Female,2.0,8.2,10.0,1.0,burnout,
22.0,Female,4.0,7.2,9.0,0.0,burnout,
23.0,Female,5.0,7.2,9.0,1.0,burnout,
21.0,Female,2.0,7.2,9.0,1.0,burnout,
36.0,Female,1.0,6.6,8.0,0.0,burnout,
21.0,Female,2.0,7.2,9.0,1.0,burnout,
22.0,Female,1.0,7.2,9.0,0.0,burnout,
22.0,Male,5.0,7.2,9.0,0.0,burnout,
22.0,Female,5.0,7.2,9.0,1.0,burnout,
20.0,Female,3.0,7.2,9.0,1.0,burnout,
26.0,Female,5.0,6.4,10.0,1.0,burnout,
21.0,Male,2.0,7.2,9.0,1.0,burnout,
20.0,Female,5.0,7.2,9.0,1.0,burnout,
21.0,Female,5.0,7.2,9.0,0.0,burnout,
19.0,Female,5.0,7.2,9.0,1.0,burnout,
20.0,Female,5.0,7.2,9.0,1.0,burnout,
22.0,Female,3.0,7.2,9.0,1.0,burnout,
23.0,Male,1.0,7.2,9.0,1.0,burnout,
21.0,Male,2.0,7.2,9.0,1.0,burnout,
21.0,Female,3.0,7.2,9.0,1.0,burnout,
22.0,Male,4.0,7.2,9.0,1.0,burnout,
26.0,Male,5.0,7.2,10.0,1.0,burnout,
22.0,Female,2.0,7.2,9.0,1.0,burnout,
17.0,Male,2.0,7.2,9.0,1.0,burnout,
23.0,Male,5.0,7.2,9.0,1.0,burnout,
21.0,Male,3.0,7.2,9.0,1.0,burnout,
22.0,Female,5.0,7.2,9.0,0.0,burnout,
20.0,Male,5.0,7.2,9.0,1.0,burnout,
24.0,Female,4.0,7.2,9.0,1.0,burnout,
22.0,Female,3.0,7.2,9.0,1.0,burnout,
24.0,Male,3.0,7.2,9.0,0.0,burnout,
22.0,Female,5.0,7.2,9.0,1.0,burnout,
26.0,Male,4.0,7.2,10.0,1.0,burnout,
24.0,Female,3.0,7.2,9.0,1.0,burnout,
22.0,Female,2.0,7.2,9.0,1.0,burnout,
25.0,Female,3.0,7.2,9.0,1.0,burnout,
21.0,Female,4.0,7.2,9.0,1.0,burnout,
20.0,Female,2.0,7.2,9.0,1.0,burnout,
22.0,Female,1.0,7.2,9.0,0.0,burnout,
25.0,Female,2.0,7.2,9.0,1.0,burnout,
17.0,Male,4.0,7.2,9.0,1.0,burnout,
22.0,Female,2.0,7.2,9.0,1.0,burnout,
26.0,Male,1.0,7.2,10.0,1.0,burnout,
22.0,Female,2.0,7.2,9.0,1.0,burnout,
23.0,Male,2.0,7.2,9.0,1.0,burnout,
25.0,Male,2.0,7.2,9.0,1.0,burnout,
21.0,Male,2.0,7.2,9.0,1.0,burnout,
30.0,Female,2.0,6.4,10.0,1.0,burnout,
23.0,Female,3.0,7.2,9.0,1.0,burnout,
22.0,Male,4.0,7.2,9.0,1.0,burnout,
21.0,Female,4.0,7.2,9.0,1.0,burnout,
20.0,Female,3.0,7.2,9.0,0.0,burnout,
18.0,Female,5.0,7.2,9.0,1.0,burnout,
20.0,Female,3.0,7.2,9.0,1.0,burnout,
15.0,Female,3.0,7.2,9.0,1.0,burnout,
22.0,Male,5.0,7.2,9.0,1.0,burnout,
17.0,Female,5.0,7.2,9.0,0.0,burnout,
21.0,Male,1.0,7.2,9.0,1.0,burnout,
22.0,Female,5.0,7.2,9.0,1.0,burnout,
23.0,Female,5.0,7.2,9.0,1.0,burnout,
24.0,Male,3.0,7.2,9.0,1.0,burnout,
21.0,Female,5.0,7.2,9.0,1.0,burnout,
22.0,Female,5.0,7.2,9.0,1.0,burnout,
22.0,Female,5.0,7.2,9.0,1.0,burnout,
21.0,Female,5.0,7.2,9.0,1.0,burnout,
21.0,Female,5.0,7.2,9.0,1.0,burnout,
18.0,Male,5.0,7.2,9.0,1.0,burnout,
19.0,Male,3.0,7.2,9.0,1.0,burnout,
22.0,Male,5.0,7.2,9.0,1.0,burnout,
21.0,Non binary ,5.0,7.2,9.0,1.0,burnout,
21.0,Female,3.0,7.2,9.0,1.0,burnout,
22.0,Male,2.0,7.2,9.0,1.0,burnout,
21.0,Female,2.0,7.2,9.0,1.0,burnout,
23.0,Male,2.0,7.2,9.0,1.0,burnout,
19.0,Male,3.0,7.2,9.0,1.0,burnout,
26.0,Male,2.0,7.2,10.0,1.0,burnout,
27.0,Male,2.0,7.2,10.0,0.0,burnout,
25.0,Female,5.0,7.2,9.0,1.0,burnout,
20.0,Female,4.0,7.2,9.0,0.0,burnout,
20.0,Female,5.0,7.2,9.0,1.0,burnout,
22.0,Male,3.0,7.2,9.0,0.0,burnout,
18.0,Female,3.0,7.2,9.0,1.0,burnout,
22.0,Male,2.0,7.2,9.0,1.0,burnout,
20.0,Male,1.0,7.2,9.0,1.0,burnout,
24.0,Male,5.0,7.2,9.0,1.0,burnout,
21.0,Male,4.0,7.2,9.0,1.0,burnout,
29.0,Female,3.0,6.4,10.0,1.0,burnout,
21.0,Male,1.0,7.2,9.0,1.0,burnout,
19.0,Female,5.0,7.2,9.0,1.0,burnout,
21.0,Female,2.0,7.2,9.0,1.0,burnout,
43.0,Male,3.0,7.2,8.0,0.0,burnout,
22.0,Female,4.0,7.2,9.0,1.0,burnout,
24.0,Male,4.0,7.2,9.0,1.0,burnout,
18.0,Female,5.0,7.2,9.0,1.0,burnout,
19.0,Female,3.0,7.2,9.0,1.0,burnout,
37.0,Female,1.0,6.6,8.0,1.0,burnout,
24.0,Male,4.0,7.2,9.0,1.0,burnout,
29.0,Female,1.0,6.4,10.0,1.0,burnout,
19.0,Male,4.0,7.2,9.0,0.0,burnout,
35.0,Male,3.0,7.2,10.0,1.0,burnout,
22.0,Female,2.0,7.2,9.0,1.0,burnout,
23.0,Male,1.0,7.2,9.0,0.0,burnout,
22.0,Female,5.0,7.2,9.0,1.0,burnout,
25.0,Male,2.0,7.2,9.0,1.0,burnout,
19.0,Male,4.0,7.2,9.0,0.0,burnout,
29.0,Female,1.0,6.4,10.0,1.0,burnout,
21.0,Female,4.0,7.2,9.0,1.0,burnout,
21.0,Male,4.0,7.2,9.0,0.0,burnout,
22.0,Female,2.0,7.2,9.0,0.0,burnout,
23.0,Female,4.0,7.2,9.0,1.0,burnout,
22.0,Female,2.0,7.2,9.0,1.0,burnout,
20.0,Male,5.0,7.2,9.0,1.0,burnout,
22.0,There are others???,5.0,7.2,9.0,0.0,burnout,
27.0,Female,3.0,6.4,10.0,1.0,burnout,
24.0,Male,5.0,7.2,9.0,1.0,burnout,
21.0,Female,1.0,7.2,9.0,1.0,burnout,
23.0,Female,3.0,7.2,9.0,0.0,burnout,
21.0,Female,3.0,7.2,9.0,1.0,burnout,
23.0,Female,2.0,7.2,9.0,1.0,burnout,
24.0,Female,4.0,7.2,9.0,1.0,burnout,
21.0,Male,4.0,7.2,9.0,1.0,burnout,
30.0,Female,2.0,6.4,10.0,1.0,burnout,
23.0,Male,3.0,7.2,9.0,1.0,burnout,
22.0,Female,5.0,7.2,9.0,0.0,burnout,
29.0,Female,5.0,6.4,10.0,1.0,burnout,
20.0,Male,3.0,7.2,9.0,1.0,burnout,
26.7,Female,5.0,6.4,10.0,1.0,burnout,
24.0,Male,1.0,7.2,9.0,1.0,burnout,
26.0,Male,3.0,7.2,10.0,1.0,burnout,
22.0,Male,2.0,7.2,9.0,1.0,burnout,
23.0,Male,4.0,7.2,9.0,1.0,burnout,
19.0,Male,4.0,7.2,9.0,1.0,burnout,
21.0,Female,2.0,7.2,9.0,1.0,burnout,
20.0,Female,4.0,7.2,9.0,1.0,burnout,
22.0,Male,5.0,7.2,9.0,1.0,burnout,
22.0,Male,5.0,7.2,9.0,1.0,burnout,
23.0,Male,5.0,7.2,9.0,1.0,burnout,
22.0,Female,5.0,7.2,9.0,1.0,burnout,
20.0,Female,5.0,7.2,9.0,0.0,burnout,
27.0,Female,1.0,6.4,10.0,0.0,burnout,
22.0,Female,5.0,7.2,9.0,1.0,burnout,
21.0,Female,5.0,7.2,9.0,1.0,burnout,
21.0,Female,2.0,7.2,9.0,1.0,burnout,
24.0,Female,4.0,7.2,9.0,1.0,burnout,
19.0,Male,3.0,7.2,9.0,1.0,burnout,
52.0,Male,1.0,7.2,9.0,1.0,burnout,
26.0,Male,5.0,7.2,10.0,1.0,burnout,
44.0,Male,3.0,7.2,8.0,0.0,burnout,
44.0,Male,3.0,7.2,8.0,0.0,burnout,
19.0,Female,3.0,7.2,9.0,1.0,burnout,
35.0,Male,3.0,7.2,10.0,1.0,burnout,
21.0,Female,5.0,7.2,9.0,1.0,burnout,
20.0,Female,4.0,7.2,9.0,1.0,burnout,
24.0,Female,5.0,7.2,9.0,1.0,burnout,
21.0,Female,3.0,7.2,9.0,1.0,burnout,
24.0,Male,5.0,7.2,9.0,0.0,burnout,
21.0,Female,3.0,7.2,9.0,1.0,burnout,
17.0,Male,5.0,7.2,9.0,1.0,burnout,
26.0,Female,4.0,6.4,10.0,1.0,burnout,
18.0,Male,3.0,7.2,9.0,1.0,burnout,
18.0,Female,3.0,7.2,9.0,0.0,burnout,
18.0,Female,3.0,7.2,9.0,1.0,burnout,
23.0,Male,3.0,7.2,9.0,1.0,burnout,
20.0,Male,1.0,7.2,9.0,0.0,burnout,
23.0,Male,5.0,7.2,9.0,1.0,burnout,
25.0,Male,3.0,7.2,9.0,1.0,burnout,
26.0,Male,2.0,7.2,10.0,1.0,burnout,
20.0,Male,5.0,7.2,9.0,1.0,burnout,
19.0,Male,1.0,7.2,9.0,1.0,burnout,
17.0,Female,2.0,7.2,9.0,1.0,burnout,
24.0,Female,3.0,7.2,9.0,0.0,burnout,
29.0,Female,5.0,6.4,10.0,1.0,burnout,
30.0,Female,3.0,6.4,10.0,0.0,burnout,
21.0,Female,3.0,7.2,9.0,1.0,burnout,
23.0,Male,5.0,7.2,9.0,1.0,burnout,
21.0,Male,5.0,7.2,9.0,1.0,burnout,
20.0,Female,5.0,7.2,9.0,1.0,burnout,
21.0,Male,4.0,7.2,9.0,1.0,burnout,
22.0,Female,4.0,7.2,9.0,1.0,burnout,
22.0,Female,2.0,7.2,9.0,1.0,burnout,
22.0,Female,5.0,7.2,9.0,1.0,burnout,
27.0,Female,4.0,6.4,10.0,0.0,burnout,
21.0,Male,5.0,7.2,9.0,1.0,burnout,
23.0,Male,4.0,7.2,9.0,1.0,burnout,
22.0,Male,3.0,7.2,9.0,1.0,burnout,
21.0,Female,3.0,7.2,9.0,0.0,burnout,
23.0,Male,2.0,7.2,9.0,0.0,burnout,
21.0,Female,5.0,7.2,9.0,1.0,burnout,
20.0,Male,4.0,7.2,9.0,1.0,burnout,
23.0,Male,1.0,7.2,9.0,1.0,burnout,
22.0,Female,3.0,7.2,9.0,1.0,burnout,
20.0,Female,5.0,7.2,9.0,1.0,burnout,
21.0,Male,3.0,7.2,9.0,1.0,burnout,
25.0,Female,2.0,7.2,9.0,1.0,burnout,
21.0,Female,3.0,7.2,9.0,1.0,burnout,
28.0,Female,4.0,6.4,10.0,1.0,burnout,
22.0,Female,3.0,7.2,9.0,0.0,burnout,
60.0,Male,2.0,7.2,9.0,0.0,burnout,
49.0,Male,3.0,7.2,8.0,1.0,burnout,
34.0,Female,3.0,6.4,10.0,0.0,burnout,
56.0,Male,2.0,7.2,9.0,0.0,burnout,
51.0,Male,1.0,7.2,9.0,1.0,burnout,
23.0,Female,2.0,7.2,9.0,1.0,burnout,
21.0,Female,4.0,7.2,9.0,0.0,burnout,
50.0,Male,1.0,7.2,8.0,0.0,burnout,
22.0,Female,3.0,7.2,9.0,1.0,burnout,
28.0,Female,2.0,6.4,10.0,1.0,burnout,
13.0,Male,4.0,7.2,9.0,1.0,burnout,
14.0,Male,2.0,7.2,9.0,0.0,burnout,
13.0,Male,5.0,7.2,9.0,0.0,burnout,
23.0,Male,4.0,7.2,9.0,1.0,burnout,
18.0,Male,1.0,7.2,9.0,1.0,burnout,
18.0,Male,5.0,7.2,9.0,1.0,burnout,
15.0,Male,4.0,7.2,9.0,0.0,burnout,
20.0,Female,1.0,7.2,9.0,1.0,burnout,
20.0,Female,5.0,7.2,9.0,1.0,burnout,
35.0,Female,1.0,6.4,10.0,1.0,burnout,
26.0,Female,2.0,6.4,10.0,1.0,burnout,
30.0,Female,4.0,6.4,10.0,1.0,burnout,
32.0,Female,3.0,6.4,10.0,1.0,burnout,
24.0,Male,2.0,7.2,9.0,1.0,burnout,
26.0,Female,1.0,6.4,10.0,1.0,burnout,
29.0,Female,2.0,6.4,10.0,0.0,burnout,
21.0,Male,2.0,7.2,9.0,1.0,burnout,
53.0,Male,3.0,7.2,9.0,0.0,burnout,
27.0,Male,3.0,6.1,9.0,0.0,burnout,
28.0,Male,3.0,6.2,10.0,1.0,burnout,
28.0,Male,3.0,6.2,10.0,1.0,burnout,
28.0,Male,3.0,5.9,8.0,1.0,burnout,
28.0,Male,3.0,5.9,8.0,1.0,burnout,
28.0,Male,3.0,5.9,9.0,1.0,burnout,
29.0,Male,3.0,6.3,8.0,1.0,burnout,
29.0,Male,3.0,7.8,10.0,0.0,burnout,
29.0,Male,3.0,7.8,10.0,0.0,burnout,
29.0,Male,3.0,7.8,10.0,0.0,burnout,
29.0,Male,3.0,6.1,10.0,1.0,burnout,
29.0,Male,3.0,7.8,10.0,0.0,burnout,
29.0,Male,3.0,6.1,10.0,1.0,burnout,
29.0,Male,3.0,6.0,10.0,1.0,burnout,
29.0,Male,3.0,6.0,10.0,1.0,burnout,
29.0,Male,3.0,6.0,10.0,1.0,burnout,
29.0,Female,3.0,6.5,10.0,1.0,burnout,
29.0,Male,3.0,6.0,10.0,1.0,burnout,
29.0,Female,3.0,6.5,10.0,1.0,burnout,
30.0,Male,3.0,7.6,10.0,0.0,burnout,
30.0,Male,3.0,7.7,10.0,0.0,burnout,
30.0,Male,3.0,7.7,10.0,0.0,burnout,
30.0,Male,3.0,7.7,10.0,0.0,burnout,
30.0,Male,3.0,7.7,10.0,0.0,burnout,
30.0,Male,3.0,7.8,10.0,0.0,burnout,
30.0,Male,3.0,7.9,10.0,0.0,burnout,
30.0,Male,3.0,7.8,10.0,0.0,burnout,
30.0,Male,3.0,7.9,10.0,0.0,burnout,
30.0,Male,3.0,7.9,10.0,0.0,burnout,
30.0,Male,3.0,7.9,10.0,0.0,burnout,
30.0,Female,3.0,6.4,10.0,1.0,burnout,
30.0,Female,3.0,6.4,10.0,1.0,burnout,
31.0,Female,3.0,7.9,10.0,0.0,burnout,
31.0,Male,3.0,6.1,10.0,1.0,burnout,
31.0,Male,3.0,7.7,10.0,0.0,burnout,
31.0,Male,3.0,6.1,10.0,1.0,burnout,
31.0,Male,3.0,6.1,10.0,1.0,burnout,
31.0,Male,3.0,7.6,10.0,0.0,burnout,
31.0,Male,3.0,7.6,10.0,0.0,burnout,
31.0,Male,3.0,7.6,10.0,0.0,burnout,
31.0,Male,3.0,7.7,10.0,0.0,burnout,
31.0,Male,3.0,7.7,10.0,0.0,burnout,
31.0,Male,3.0,7.7,10.0,0.0,burnout,
31.0,Male,3.0,7.8,10.0,0.0,burnout,
31.0,Male,3.0,7.7,10.0,0.0,burnout,
31.0,Male,3.0,7.8,10.0,0.0,burnout,
31.0,Male,3.0,7.7,10.0,0.0,burnout,
31.0,Male,3.0,7.8,10.0,0.0,burnout,
31.0,Male,3.0,7.7,10.0,0.0,burnout,
31.0,Male,3.0,7.7,10.0,0.0,burnout,
32.0,Male,3.0,7.5,9.0,0.0,burnout,
32.0,Male,3.0,7.5,9.0,0.0,burnout,
32.0,Male,3.0,6.0,10.0,1.0,burnout,
32.0,Male,3.0,7.6,10.0,0.0,burnout,
32.0,Male,3.0,6.0,10.0,1.0,burnout,
32.0,Male,3.0,6.0,10.0,1.0,burnout,
32.0,Male,3.0,7.7,10.0,0.0,burnout,
32.0,Male,3.0,6.0,10.0,1.0,burnout,
32.0,Male,3.0,6.0,10.0,1.0,burnout,
32.0,Male,3.0,7.7,10.0,0.0,burnout,
32.0,Male,3.0,6.0,10.0,1.0,burnout,
32.0,Male,3.0,6.0,10.0,1.0,burnout,
32.0,Male,3.0,6.2,10.0,1.0,burnout,
32.0,Male,3.0,6.2,10.0,1.0,burnout,
32.0,Male,3.0,6.2,10.0,1.0,burnout,
32.0,Male,3.0,6.2,10.0,1.0,burnout,
32.0,Male,3.0,7.2,10.0,0.0,burnout,
33.0,Male,3.0,6.0,10.0,1.0,burnout,
33.0,Female,3.0,6.2,10.0,0.0,burnout,
33.0,Female,3.0,6.2,10.0,0.0,burnout,
33.0,Male,3.0,6.1,10.0,1.0,burnout,
33.0,Male,3.0,6.1,10.0,1.0,burnout,
33.0,Male,3.0,6.1,10.0,1.0,burnout,
33.0,Male,3.0,6.1,10.0,1.0,burnout,
33.0,Male,3.0,6.0,10.0,1.0,burnout,
33.0,Male,3.0,6.0,10.0,1.0,burnout,
33.0,Male,3.0,6.0,10.0,1.0,burnout,
33.0,Male,3.0,6.0,10.0,1.0,burnout,
33.0,Male,3.0,6.0,10.0,1.0,burnout,
33.0,Male,3.0,6.0,10.0,1.0,burnout,
34.0,Female,3.0,5.8,10.0,1.0,burnout,
34.0,Female,3.0,5.8,10.0,1.0,burnout,
35.0,Male,3.0,6.7,8.0,0.0,burnout,
35.0,Male,3.0,6.7,8.0,0.0,burnout,
35.0,Male,3.0,7.5,9.0,0.0,burnout,
35.0,Female,3.0,7.2,10.0,0.0,burnout,
35.0,Male,3.0,7.2,9.0,0.0,burnout,
35.0,Male,3.0,7.2,9.0,0.0,burnout,
35.0,Male,3.0,7.3,9.0,0.0,burnout,
35.0,Male,3.0,7.3,9.0,0.0,burnout,
35.0,Male,3.0,7.3,9.0,0.0,burnout,
35.0,Male,3.0,7.3,9.0,0.0,burnout,
35.0,Male,3.0,7.5,9.0,0.0,burnout,
35.0,Male,3.0,7.4,10.0,0.0,burnout,
36.0,Female,3.0,7.2,8.0,0.0,burnout,
36.0,Female,3.0,7.1,8.0,0.0,burnout,
36.0,Female,3.0,7.2,8.0,0.0,burnout,
36.0,Female,3.0,7.1,8.0,0.0,burnout,
36.0,Female,3.0,7.1,8.0,0.0,burnout,
36.0,Female,3.0,7.1,8.0,0.0,burnout,
36.0,Female,3.0,7.2,8.0,0.0,burnout,
36.0,Female,3.0,7.2,8.0,0.0,burnout,
36.0,Female,3.0,7.2,8.0,0.0,burnout,
36.0,Male,3.0,6.6,8.0,1.0,burnout,
36.0,Female,3.0,7.2,8.0,0.0,burnout,
36.0,Male,3.0,6.6,8.0,1.0,burnout,
37.0,Female,3.0,6.1,10.0,0.0,burnout,
37.0,Male,3.0,7.8,9.0,0.0,burnout,
37.0,Male,3.0,7.8,9.0,0.0,burnout,
37.0,Male,3.0,7.4,8.0,0.0,burnout,
37.0,Female,3.0,7.2,8.0,0.0,burnout,
37.0,Male,3.0,7.4,8.0,0.0,burnout,
37.0,Female,3.0,7.2,8.0,0.0,burnout,
37.0,Male,3.0,7.4,8.0,0.0,burnout,
37.0,Female,3.0,7.2,8.0,0.0,burnout,
37.0,Female,3.0,7.2,8.0,0.0,burnout,
37.0,Female,3.0,7.2,8.0,0.0,burnout,
37.0,Female,3.0,7.2,8.0,0.0,burnout,
37.0,Female,3.0,7.2,8.0,0.0,burnout,
37.0,Female,3.0,7.2,8.0,0.0,burnout,
37.0,Female,3.0,7.2,8.0,0.0,burnout,
37.0,Female,3.0,7.2,8.0,0.0,burnout,
37.0,Female,3.0,7.2,8.0,0.0,burnout,
37.0,Female,3.0,7.2,8.0,0.0,burnout,
37.0,Female,3.0,7.2,8.0,0.0,burnout,
37.0,Female,3.0,7.5,10.0,0.0,burnout,
38.0,Male,3.0,7.3,8.0,0.0,burnout,
38.0,Female,3.0,7.1,8.0,0.0,burnout,
38.0,Male,3.0,7.3,8.0,0.0,burnout,
38.0,Male,3.0,7.3,8.0,0.0,burnout,
38.0,Female,3.0,7.1,8.0,0.0,burnout,
38.0,Male,3.0,7.3,8.0,0.0,burnout,
38.0,Male,3.0,7.3,8.0,0.0,burnout,
38.0,Female,3.0,7.1,8.0,0.0,burnout,
38.0,Male,3.0,7.3,8.0,0.0,burnout,
38.0,Male,3.0,7.3,8.0,0.0,burnout,
38.0,Female,3.0,7.1,8.0,0.0,burnout,
38.0,Male,3.0,7.1,8.0,0.0,burnout,
38.0,Female,3.0,7.1,8.0,0.0,burnout,
38.0,Male,3.0,7.1,8.0,0.0,burnout,
38.0,Female,3.0,7.1,8.0,0.0,burnout,
38.0,Male,3.0,7.1,8.0,0.0,burnout,
38.0,Female,3.0,7.1,8.0,0.0,burnout,
38.0,Female,3.0,7.1,8.0,0.0,burnout,
38.0,Male,3.0,7.1,8.0,0.0,burnout,
38.0,Female,3.0,7.4,8.0,0.0,burnout,
39.0,Male,3.0,7.2,8.0,0.0,burnout,
39.0,Male,3.0,6.5,9.0,1.0,burnout,
39.0,Female,3.0,6.9,8.0,0.0,burnout,
39.0,Female,3.0,8.0,8.0,0.0,burnout,
39.0,Female,3.0,8.0,8.0,0.0,burnout,
39.0,Male,3.0,7.2,8.0,0.0,burnout,
39.0,Male,3.0,7.2,8.0,0.0,burnout,
39.0,Male,3.0,7.2,8.0,0.0,burnout,
39.0,Male,3.0,7.2,8.0,0.0,burnout,
39.0,Male,3.0,7.2,8.0,0.0,burnout,
39.0,Male,3.0,7.2,8.0,0.0,burnout,
39.0,Male,3.0,7.2,8.0,0.0,burnout,
39.0,Male,3.0,7.2,8.0,0.0,burnout,
39.0,Male,3.0,7.2,8.0,0.0,burnout,
39.0,Male,3.0,7.2,8.0,0.0,burnout,
40.0,Female,3.0,7.2,8.0,0.0,burnout,
40.0,Female,3.0,7.2,8.0,0.0,burnout,
40.0,Male,3.0,7.9,8.0,0.0,burnout,
40.0,Male,3.0,7.9,8.0,0.0,burnout,
41.0,Male,3.0,7.6,8.0,0.0,burnout,
41.0,Male,3.0,7.3,9.0,0.0,burnout,
41.0,Male,3.0,7.1,8.0,0.0,burnout,
41.0,Male,3.0,7.1,8.0,0.0,burnout,
41.0,Male,3.0,7.7,8.0,0.0,burnout,
41.0,Male,3.0,7.7,8.0,0.0,burnout,
41.0,Male,3.0,7.7,8.0,0.0,burnout,
41.0,Male,3.0,7.7,8.0,0.0,burnout,
41.0,Male,3.0,7.7,8.0,0.0,burnout,
41.0,Male,3.0,7.6,8.0,0.0,burnout,
41.0,Male,3.0,7.6,8.0,0.0,burnout,
41.0,Male,3.0,7.6,8.0,0.0,burnout,
42.0,Male,3.0,6.5,8.0,1.0,burnout,
42.0,Male,3.0,7.8,8.0,0.0,burnout,
42.0,Male,3.0,7.8,8.0,0.0,burnout,
42.0,Male,3.0,7.8,8.0,0.0,burnout,
42.0,Male,3.0,7.8,8.0,0.0,burnout,
42.0,Male,3.0,7.8,8.0,0.0,burnout,
42.0,Male,3.0,7.8,8.0,0.0,burnout,
42.0,Female,3.0,6.8,8.0,1.0,burnout,
42.0,Female,3.0,6.8,8.0,1.0,burnout,
43.0,Female,3.0,6.7,8.0,0.0,burnout,
43.0,Male,3.0,6.3,8.0,1.0,burnout,
43.0,Female,3.0,6.7,8.0,0.0,burnout,
43.0,Male,3.0,6.5,8.0,1.0,burnout,
43.0,Female,3.0,6.7,8.0,0.0,burnout,
43.0,Male,3.0,6.4,8.0,1.0,burnout,
43.0,Male,3.0,6.5,8.0,1.0,burnout,
43.0,Male,3.0,6.5,8.0,1.0,burnout,
43.0,Male,3.0,6.5,8.0,1.0,burnout,
43.0,Male,3.0,6.5,8.0,1.0,burnout,
43.0,Male,3.0,6.5,8.0,1.0,burnout,
43.0,Male,3.0,6.5,8.0,1.0,burnout,
43.0,Male,3.0,6.5,8.0,1.0,burnout,
43.0,Male,3.0,6.5,8.0,1.0,burnout,
43.0,Male,3.0,6.5,8.0,1.0,burnout,
43.0,Male,3.0,7.8,9.0,0.0,burnout,
43.0,Male,3.0,7.8,9.0,0.0,burnout,
43.0,Male,3.0,6.9,9.0,1.0,burnout,
43.0,Male,3.0,7.6,9.0,0.0,burnout,
43.0,Male,3.0,7.7,9.0,0.0,burnout,
43.0,Male,3.0,7.7,9.0,0.0,burnout,
43.0,Male,3.0,7.7,9.0,0.0,burnout,
43.0,Male,3.0,7.7,9.0,0.0,burnout,
43.0,Male,3.0,7.8,9.0,0.0,burnout,
43.0,Male,3.0,7.7,9.0,0.0,burnout,
43.0,Male,3.0,7.8,9.0,0.0,burnout,
43.0,Male,3.0,7.8,9.0,0.0,burnout,
43.0,Male,3.0,7.8,9.0,0.0,burnout,
43.0,Male,3.0,7.8,9.0,0.0,burnout,
43.0,Male,3.0,7.8,9.0,0.0,burnout,
43.0,Male,3.0,7.8,9.0,0.0,burnout,
43.0,Male,3.0,7.8,9.0,0.0,burnout,
43.0,Male,3.0,7.8,9.0,0.0,burnout,
43.0,Male,3.0,6.5,8.0,1.0,burnout,
44.0,Female,3.0,6.6,8.0,0.0,burnout,
44.0,Male,3.0,6.4,8.0,1.0,burnout,
44.0,Male,3.0,6.3,8.0,1.0,burnout,
44.0,Male,3.0,6.4,8.0,1.0,burnout,
44.0,Female,3.0,6.6,8.0,0.0,burnout,
44.0,Male,3.0,6.3,8.0,1.0,burnout,
44.0,Female,3.0,6.6,8.0,0.0,burnout,
44.0,Male,3.0,6.3,8.0,1.0,burnout,
44.0,Female,3.0,6.6,8.0,0.0,burnout,
44.0,Male,3.0,6.3,8.0,1.0,burnout,
44.0,Female,3.0,6.6,8.0,0.0,burnout,
44.0,Male,3.0,6.3,8.0,1.0,burnout,
44.0,Female,3.0,6.6,8.0,0.0,burnout,
44.0,Male,3.0,6.3,8.0,1.0,burnout,
44.0,Female,3.0,6.6,8.0,0.0,burnout,
44.0,Male,3.0,6.3,8.0,1.0,burnout,
44.0,Male,3.0,6.4,8.0,1.0,burnout,
44.0,Female,3.0,6.5,8.0,0.0,burnout,
44.0,Male,3.0,6.3,8.0,1.0,burnout,
44.0,Male,3.0,6.4,8.0,1.0,burnout,
44.0,Female,3.0,6.5,8.0,0.0,burnout,
44.0,Male,3.0,6.3,8.0,1.0,burnout,
44.0,Male,3.0,6.4,8.0,1.0,burnout,
44.0,Female,3.0,6.5,8.0,0.0,burnout,
44.0,Male,3.0,6.3,8.0,1.0,burnout,
44.0,Female,3.0,6.5,8.0,0.0,burnout,
44.0,Male,3.0,6.3,8.0,1.0,burnout,
44.0,Male,3.0,6.8,9.0,1.0,burnout,
44.0,Male,3.0,6.4,8.0,1.0,burnout,
44.0,Male,3.0,6.5,8.0,1.0,burnout,
45.0,Female,3.0,6.8,8.0,0.0,burnout,
45.0,Female,3.0,6.8,8.0,0.0,burnout,
45.0,Female,3.0,6.5,8.0,0.0,burnout,
45.0,Female,3.0,6.5,8.0,0.0,burnout,
45.0,Female,3.0,6.5,8.0,0.0,burnout,
45.0,Female,3.0,6.5,8.0,0.0,burnout,
45.0,Female,3.0,6.6,8.0,0.0,burnout,
45.0,Female,3.0,6.6,8.0,0.0,burnout,
45.0,Female,3.0,6.6,8.0,0.0,burnout,
45.0,Female,3.0,6.6,8.0,0.0,burnout,
45.0,Female,3.0,6.6,8.0,0.0,burnout,
45.0,Female,3.0,6.6,8.0,0.0,burnout,
45.0,Female,3.0,6.6,8.0,0.0,burnout,
45.0,Female,3.0,6.9,8.0,0.0,burnout,
48.0,Male,3.0,7.3,10.0,0.0,burnout,
48.0,Female,3.0,5.9,10.0,1.0,burnout,
48.0,Male,3.0,7.3,10.0,0.0,burnout,
49.0,Female,3.0,6.2,10.0,1.0,burnout,
49.0,Female,3.0,6.0,10.0,1.0,burnout,
49.0,Female,3.0,6.1,10.0,1.0,burnout,
49.0,Female,3.0,6.1,10.0,1.0,burnout,
49.0,Female,3.0,6.1,10.0,1.0,burnout,
49.0,Female,3.0,6.1,10.0,1.0,burnout,
49.0,Female,3.0,6.2,10.0,1.0,burnout,
49.0,Female,3.0,6.2,10.0,1.0,burnout,
49.0,Female,3.0,6.2,10.0,1.0,burnout,
49.0,Male,3.0,8.1,10.0,0.0,burnout,
49.0,Male,3.0,8.1,10.0,0.0,burnout,
50.0,Female,3.0,6.1,10.0,1.0,burnout,
50.0,Female,3.0,8.3,9.0,0.0,burnout,
50.0,Female,3.0,6.0,10.0,1.0,burnout,
50.0,Female,3.0,6.1,10.0,1.0,burnout,
50.0,Female,3.0,6.0,10.0,1.0,burnout,
50.0,Female,3.0,6.0,10.0,1.0,burnout,
50.0,Female,3.0,6.0,10.0,1.0,burnout,
50.0,Female,3.0,6.0,10.0,1.0,burnout,
50.0,Female,3.0,6.0,10.0,1.0,burnout,
50.0,Female,3.0,6.0,10.0,1.0,burnout,
50.0,Female,3.0,6.0,10.0,1.0,burnout,
50.0,Female,3.0,6.1,10.0,1.0,burnout,
50.0,Female,3.0,6.0,10.0,1.0,burnout,
50.0,Female,3.0,6.1,10.0,1.0,burnout,
50.0,Female,3.0,6.1,10.0,1.0,burnout,
50.0,Female,3.0,6.0,10.0,1.0,burnout,
50.0,Female,3.0,6.1,10.0,1.0,burnout,
50.0,Female,3.0,6.0,10.0,1.0,burnout,
50.0,Female,3.0,6.1,10.0,1.0,burnout,
50.0,Female,3.0,6.1,10.0,1.0,burnout,
51.0,Female,3.0,8.5,9.0,0.0,burnout,
51.0,Female,3.0,8.5,9.0,0.0,burnout,
51.0,Female,3.0,8.5,9.0,0.0,burnout,
51.0,Female,3.0,8.5,9.0,0.0,burnout,
51.0,Female,3.0,7.1,10.0,0.0,burnout,
51.0,Female,3.0,6.0,10.0,1.0,burnout,
51.0,Female,3.0,6.1,10.0,1.0,burnout,
51.0,Female,3.0,6.1,10.0,1.0,burnout,
52.0,Female,3.0,6.5,10.0,1.0,burnout,
52.0,Female,3.0,6.5,10.0,1.0,burnout,
52.0,Female,3.0,6.6,10.0,1.0,burnout,
52.0,Female,3.0,6.6,10.0,1.0,burnout,
52.0,Female,3.0,6.6,10.0,1.0,burnout,
52.0,Female,3.0,6.6,10.0,1.0,burnout,
52.0,Female,3.0,8.4,9.0,0.0,burnout,
52.0,Female,3.0,8.4,9.0,0.0,burnout,
52.0,Female,3.0,8.4,9.0,0.0,burnout,
53.0,Female,3.0,8.3,9.0,0.0,burnout,
53.0,Female,3.0,8.5,9.0,0.0,burnout,
53.0,Female,3.0,8.5,9.0,0.0,burnout,
53.0,Female,3.0,8.4,9.0,0.0,burnout,
53.0,Female,3.0,8.4,9.0,0.0,burnout,
53.0,Female,3.0,8.5,9.0,0.0,burnout,
53.0,Female,3.0,8.4,9.0,0.0,burnout,
53.0,Female,3.0,8.4,9.0,0.0,burnout,
53.0,Female,3.0,8.5,9.0,0.0,burnout,
53.0,Female,3.0,8.3,9.0,0.0,burnout,
53.0,Female,3.0,8.5,9.0,0.0,burnout,
53.0,Female,3.0,8.3,9.0,0.0,burnout,
53.0,Female,3.0,8.5,9.0,0.0,burnout,
53.0,Female,3.0,8.3,9.0,0.0,burnout,
53.0,Female,3.0,8.5,9.0,0.0,burnout,
53.0,Female,3.0,8.5,9.0,0.0,burnout,
53.0,Female,3.0,8.4,9.0,0.0,burnout,
54.0,Female,3.0,8.4,9.0,0.0,burnout,
54.0,Female,3.0,8.4,9.0,0.0,burnout,
54.0,Female,3.0,8.4,9.0,0.0,burnout,
54.0,Female,3.0,8.4,9.0,0.0,burnout,
54.0,Female,3.0,8.4,9.0,0.0,burnout,
54.0,Female,3.0,8.4,9.0,0.0,burnout,
54.0,Female,3.0,8.5,9.0,0.0,burnout,
55.0,Female,3.0,8.1,10.0,0.0,burnout,
55.0,Female,3.0,8.1,10.0,0.0,burnout,
56.0,Female,3.0,8.2,10.0,0.0,burnout,
56.0,Female,3.0,8.2,10.0,0.0,burnout,
57.0,Female,3.0,8.1,10.0,0.0,burnout,
57.0,Female,3.0,8.2,10.0,0.0,burnout,
57.0,Female,3.0,8.2,10.0,0.0,burnout,
57.0,Female,3.0,8.2,10.0,0.0,burnout,
57.0,Female,3.0,8.2,10.0,0.0,burnout,
57.0,Female,3.0,8.2,10.0,0.0,burnout,
57.0,Female,3.0,8.1,10.0,0.0,burnout,
57.0,Female,3.0,8.1,10.0,0.0,burnout,
57.0,Female,3.0,8.1,10.0,0.0,burnout,
58.0,Female,3.0,8.0,10.0,0.0,burnout,
58.0,Female,3.0,8.0,10.0,0.0,burnout,
58.0,Female,3.0,8.0,10.0,0.0,burnout,
58.0,Female,3.0,8.0,10.0,0.0,burnout,
58.0,Female,3.0,8.0,10.0,0.0,burnout,
58.0,Female,3.0,8.0,10.0,0.0,burnout,
59.0,Female,3.0,8.0,10.0,0.0,burnout,
59.0,Female,3.0,8.1,10.0,0.0,burnout,
59.0,Female,3.0,8.2,10.0,0.0,burnout,
59.0,Female,3.0,8.2,10.0,0.0,burnout,
59.0,Female,3.0,8.2,10.0,0.0,burnout,
59.0,Female,3.0,8.2,10.0,0.0,burnout,
59.0,Female,3.0,8.0,10.0,0.0,burnout,
59.0,Female,3.0,8.0,10.0,0.0,burnout,
59.0,Female,3.0,8.1,10.0,0.0,burnout,
59.0,Female,3.0,8.0,10.0,0.0,burnout,
59.0,Female,3.0,8.1,10.0,0.0,burnout,
59.0,Female,3.0,8.1,10.0,0.0,burnout,
59.0,Female,3.0,8.0,10.0,0.0,burnout,
59.0,Female,3.0,8.1,10.0,0.0,burnout,
59.0,Female,3.0,8.1,10.0,0.0,burnout,
59.0,Female,3.0,8.1,10.0,0.0,burnout,
19.0,Female,5.2,6.5,,,productivity,0.0
22.0,Male,2.1,7.5,,,productivity,1.0
20.0,Female,6.0,5.0,,,productivity,0.0
18.0,Male,3.0,7.0,,,productivity,1.0
21.0,Male,4.5,6.0,,,productivity,0.0
19.0,Female,7.2,4.5,,,productivity,0.0
23.0,Male,1.5,8.0,,,productivity,1.0
20.0,Female,5.8,6.0,,,productivity,0.0
18.0,Male,4.0,6.5,,,productivity,1.0
21.0,Female,3.3,7.0,,,productivity,1.0
19.0,Male,4.8,6.2,,,productivity,0.0
20.0,Female,5.5,5.8,,,productivity,0.0
22.0,Male,2.8,7.2,,,productivity,1.0
18.0,Female,6.5,5.5,,,productivity,0.0
21.0,Male,3.7,6.8,,,productivity,1.0
20.0,Female,4.2,6.0,,,productivity,0.0
24.0,Male,2.0,7.8,,,productivity,1.0
19.0,Female,5.0,5.7,,,productivity,0.0
21.0,Male,3.5,6.7,,,productivity,1.0
20.0,Female,4.7,5.9,,,productivity,0.0
18.0,Male,5.3,5.5,,,productivity,0.0
23.0,Female,2.5,7.3,,,productivity,1.0
19.0,Male,4.9,5.8,,,productivity,0.0
20.0,Female,5.7,5.4,,,productivity,0.0
22.0,Male,3.2,6.9,,,productivity,1.0
19.0,Female,6.1,5.2,,,productivity,0.0
21.0,Male,3.8,6.6,,,productivity,1.0
20.0,Female,4.4,5.9,,,productivity,0.0
24.0,Male,2.2,7.4,,,productivity,1.0
19.0,Female,5.9,5.3,,,productivity,0.0
21.0,Male,3.6,6.7,,,productivity,1.0
20.0,Female,4.8,5.7,,,productivity,0.0
18.0,Male,5.4,5.4,,,productivity,0.0
23.0,Female,2.6,7.2,,,productivity,1.0
19.0,Male,4.7,5.8,,,productivity,0.0
20.0,Female,5.6,5.5,,,productivity,0.0
22.0,Male,3.1,6.8,,,productivity,1.0
19.0,Female,6.2,5.1,,,productivity,0.0
21.0,Male,3.9,6.5,,,productivity,1.0
20.0,Female,4.5,5.8,,,productivity,0.0
24.0,Male,2.3,7.3,,,productivity,1.0
19.0,Female,5.8,5.4,,,productivity,0.0
21.0,Male,3.7,6.6,,,productivity,1.0
20.0,Female,4.6,5.7,,,productivity,0.0
18.0,Male,5.5,5.3,,,productivity,0.0
23.0,Female,2.7,7.1,,,productivity,1.0
19.0,Male,4.8,5.9,,,productivity,0.0
20.0,Female,5.5,5.6,,,productivity,0.0
22.0,Male,3.3,6.7,,,productivity,1.0
19.0,Female,6.3,5.2,,,productivity,0.0
21.0,Male,3.8,6.4,,,productivity,1.0
20.0,Female,4.7,5.8,,,productivity,0.0
24.0,Male,2.4,7.2,,,productivity,1.0
19.0,Female,5.7,5.5,,,productivity,0.0
21.0,Male,3.6,6.5,,,productivity,1.0
20.0,Female,4.9,5.6,,,productivity,0.0
18.0,Male,5.6,5.2,,,productivity,0.0
23.0,Female,2.8,7.0,,,productivity,1.0
19.0,Male,4.6,5.9,,,productivity,0.0
20.0,Female,5.4,5.7,,,productivity,0.0
22.0,Male,3.1,7.1,,,productivity,1.0
19.0,Female,5.6,5.6,,,productivity,0.0
20.0,Male,4.2,6.0,,,productivity,0.0
18.0,Female,6.1,5.2,,,productivity,0.0
23.0,Male,2.3,7.4,,,productivity,1.0
21.0,Female,4.8,5.8,,,productivity,0.0
20.0,Male,3.9,6.5,,,productivity,1.0
19.0,Female,5.7,5.4,,,productivity,0.0
22.0,Male,2.8,7.2,,,productivity,1.0
20.0,Female,4.5,5.9,,,productivity,0.0
18.0,Male,5.4,5.5,,,productivity,0.0
21.0,Female,3.2,6.8,,,productivity,1.0
19.0,Male,4.9,5.7,,,productivity,0.0
20.0,Female,5.8,5.3,,,productivity,0.0
23.0,Male,2.5,7.3,,,productivity,1.0
21.0,Female,4.6,5.8,,,productivity,0.0
19.0,Male,5.5,5.4,,,productivity,0.0
22.0,Female,2.9,7.0,,,productivity,1.0
20.0,Male,4.7,5.9,,,productivity,0.0
18.0,Female,5.9,5.2,,,productivity,0.0
21.0,Male,3.0,7.1,,,productivity,1.0
19.0,Female,4.8,5.7,,,productivity,0.0
20.0,Male,3.8,6.6,,,productivity,1.0
22.0,Female,2.7,7.2,,,productivity,1.0
18.0,Male,5.6,5.3,,,productivity,0.0
21.0,Female,4.5,5.8,,,productivity,0.0
19.0,Male,5.3,5.5,,,productivity,0.0
23.0,Female,2.6,7.3,,,productivity,1.0
20.0,Male,4.4,6.0,,,productivity,0.0
18.0,Female,5.8,5.2,,,productivity,0.0
22.0,Male,2.9,7.0,,,productivity,1.0
19.0,Female,4.7,5.8,,,productivity,0.0
21.0,Male,3.7,6.5,,,productivity,1.0
20.0,Female,5.5,5.4,,,productivity,0.0
23.0,Male,2.4,7.4,,,productivity,1.0
19.0,Female,4.9,5.7,,,productivity,0.0
18.0,Male,5.7,5.3,,,productivity,0.0
22.0,Female,2.8,7.1,,,productivity,1.0
20.0,Male,4.6,5.9,,,productivity,0.0
21.0,Female,5.4,5.5,,,productivity,0.0
19.0,Male,5.8,5.2,,,productivity,0.0
23.0,Female,2.5,7.3,,,productivity,1.0
20.0,Male,4.7,5.8,,,productivity,0.0
18.0,Female,5.6,5.4,,,productivity,0.0
22.0,Male,2.9,7.0,,,productivity,1.0
19.0,Female,4.8,5.7,,,productivity,0.0
21.0,Male,3.8,6.6,,,productivity,1.0
20.0,Female,5.5,5.5,,,productivity,0.0
23.0,Male,2.6,7.2,,,productivity,1.0
19.0,Female,4.9,5.8,,,productivity,0.0
20.0,Male,6.1,6.2,,,productivity,0.0
21.0,Female,5.8,5.9,,,productivity,0.0
19.0,Male,4.9,7.1,,,productivity,1.0
22.0,Female,5.5,6.0,,,productivity,0.0
20.0,Male,5.2,6.3,,,productivity,0.0
19.0,Female,4.8,7.2,,,productivity,1.0
21.0,Male,6.0,5.8,,,productivity,0.0
20.0,Female,5.7,6.1,,,productivity,0.0
22.0,Male,4.7,7.3,,,productivity,1.0
19.0,Female,5.4,6.2,,,productivity,0.0
20.0,Male,5.9,5.9,,,productivity,0.0
21.0,Female,4.6,7.4,,,productivity,1.0
19.0,Male,5.3,6.3,,,productivity,0.0
22.0,Female,5.8,5.8,,,productivity,0.0
20.0,Male,4.5,7.5,,,productivity,1.0
21.0,Female,5.2,6.4,,,productivity,0.0
19.0,Male,5.7,5.7,,,productivity,0.0
20.0,Female,4.4,7.6,,,productivity,1.0
22.0,Male,5.1,6.5,,,productivity,0.0
21.0,Female,5.6,5.6,,,productivity,0.0
19.0,Male,4.3,7.7,,,productivity,1.0
20.0,Female,5.0,6.6,,,productivity,0.0
22.0,Male,5.5,5.5,,,productivity,0.0
21.0,Female,4.2,7.8,,,productivity,1.0
19.0,Male,4.9,6.7,,,productivity,0.0
20.0,Female,5.4,5.4,,,productivity,0.0
22.0,Male,4.1,7.9,,,productivity,1.0
21.0,Female,4.8,6.8,,,productivity,0.0
19.0,Male,5.3,5.3,,,productivity,0.0
20.0,Female,4.0,8.0,,,productivity,1.0
22.0,Male,4.7,6.9,,,productivity,0.0
21.0,Female,5.2,5.2,,,productivity,0.0
19.0,Male,3.9,8.1,,,productivity,1.0
20.0,Female,4.6,7.0,,,productivity,0.0
22.0,Male,5.1,5.1,,,productivity,0.0
21.0,Female,3.8,8.2,,,productivity,1.0
19.0,Male,4.5,7.1,,,productivity,0.0
20.0,Female,5.0,5.0,,,productivity,0.0
22.0,Male,3.7,8.3,,,productivity,1.0
21.0,Female,4.4,7.2,,,productivity,0.0
19.0,Male,4.9,4.9,,,productivity,0.0
20.0,Female,3.6,8.4,,,productivity,1.0
22.0,Male,4.3,7.3,,,productivity,0.0
21.0,Female,4.8,4.8,,,productivity,0.0
19.0,Male,3.5,8.5,,,productivity,1.0
20.0,Female,4.2,7.4,,,productivity,0.0
22.0,Male,4.7,4.7,,,productivity,0.0
21.0,Female,3.4,8.6,,,productivity,1.0
19.0,Male,4.1,7.5,,,productivity,0.0
20.0,Female,4.6,4.6,,,productivity,0.0
19.0,Female,5.3,6.1,,,productivity,0.0
21.0,Male,4.8,7.2,,,productivity,1.0
20.0,Female,5.5,5.9,,,productivity,0.0
22.0,Male,4.7,6.3,,,productivity,0.0
19.0,Female,5.1,7.0,,,productivity,1.0
21.0,Male,5.4,6.0,,,productivity,0.0
20.0,Female,4.9,6.4,,,productivity,0.0
22.0,Male,5.2,7.1,,,productivity,1.0
19.0,Female,5.6,5.8,,,productivity,0.0
21.0,Male,4.6,6.5,,,productivity,0.0
20.0,Female,5.0,7.3,,,productivity,1.0
22.0,Male,5.3,5.7,,,productivity,0.0
19.0,Female,4.8,6.6,,,productivity,0.0
21.0,Male,5.1,7.4,,,productivity,1.0
20.0,Female,5.7,5.6,,,productivity,0.0
22.0,Male,4.5,6.7,,,productivity,0.0
19.0,Female,4.9,7.5,,,productivity,1.0
21.0,Male,5.2,5.5,,,productivity,0.0
20.0,Female,4.7,6.8,,,productivity,0.0
22.0,Male,5.0,7.6,,,productivity,1.0
19.0,Female,5.8,5.4,,,productivity,0.0
21.0,Male,4.4,6.9,,,productivity,0.0
20.0,Female,4.8,7.7,,,productivity,1.0
22.0,Male,5.1,5.3,,,productivity,0.0
19.0,Female,4.6,7.0,,,productivity,0.0
21.0,Male,4.9,7.8,,,productivity,1.0
20.0,Female,5.9,5.2,,,productivity,0.0
22.0,Male,4.3,7.1,,,productivity,0.0
19.0,Female,4.7,7.9,,,productivity,1.0
21.0,Male,5.0,5.1,,,productivity,0.0
20.0,Female,4.5,7.2,,,productivity,0.0
22.0,Male,4.8,8.0,,,productivity,1.0
19.0,Female,6.0,5.0,,,productivity,0.0
21.0,Male,4.2,7.3,,,productivity,0.0
20.0,Female,4.6,8.1,,,productivity,1.0
22.0,Male,4.9,4.9,,,productivity,0.0
19.0,Female,4.4,7.4,,,productivity,0.0
21.0,Male,4.7,8.2,,,productivity,1.0
20.0,Female,6.1,4.8,,,productivity,0.0
22.0,Male,4.1,7.5,,,productivity,0.0
19.0,Female,4.5,8.3,,,productivity,1.0
21.0,Male,4.8,4.7,,,productivity,0.0
20.0,Female,4.3,7.6,,,productivity,0.0
22.0,Male,4.6,8.4,,,productivity,1.0
19.0,Female,6.2,4.6,,,productivity,0.0
21.0,Male,4.0,7.7,,,productivity,0.0
20.0,Female,4.4,8.5,,,productivity,1.0
22.0,Male,4.7,4.5,,,productivity,0.0
19.0,Female,4.2,7.8,,,productivity,0.0
21.0,Male,4.5,8.6,,,productivity,1.0
20.0,Female,6.3,4.4,,,productivity,0.0
22.0,Male,3.9,7.9,,,productivity,0.0
19.0,Female,4.3,8.7,,,productivity,1.0
21.0,Male,4.6,4.3,,,productivity,0.0
20.0,Female,4.1,8.0,,,productivity,0.0
22.0,Male,4.4,8.8,,,productivity,1.0
19.0,Female,6.4,4.2,,,productivity,0.0
21.0,Male,3.8,8.1,,,productivity,0.0
20.0,Female,4.2,8.9,,,productivity,1.0
22.0,Male,4.5,4.1,,,productivity,0.0
19.0,Female,6.5,6.0,,,productivity,0.0
21.0,Male,5.8,6.5,,,productivity,0.0
20.0,Female,4.5,7.5,,,productivity,1.0
22.0,Male,4.2,7.8,,,productivity,1.0
19.0,Female,3.8,7.9,,,productivity,1.0
21.0,Male,5.5,6.8,,,productivity,0.0
20.0,Female,5.2,6.5,,,productivity,0.0
22.0,Male,4.8,7.2,,,productivity,1.0
19.0,Female,7.0,5.8,,,productivity,0.0
21.0,Male,5.5,6.7,,,productivity,0.0
20.0,Female,4.7,7.4,,,productivity,1.0
22.0,Male,4.0,7.9,,,productivity,1.0
19.0,Female,3.5,8.0,,,productivity,1.0
21.0,Male,5.7,6.5,,,productivity,0.0
20.0,Female,5.0,6.8,,,productivity,0.0
22.0,Male,4.5,7.4,,,productivity,1.0
19.0,Female,6.8,5.9,,,productivity,0.0
21.0,Male,5.6,6.6,,,productivity,0.0
20.0,Female,4.6,7.3,,,productivity,1.0
22.0,Male,4.1,7.7,,,productivity,1.0
19.0,Female,3.7,7.8,,,productivity,1.0
21.0,Male,5.4,6.7,,,productivity,0.0
20.0,Female,5.1,6.6,,,productivity,0.0
22.0,Male,4.7,7.3,,,productivity,1.0
19.0,Female,6.9,5.7,,,productivity,0.0
21.0,Male,5.7,6.4,,,productivity,0.0
20.0,Female,4.8,7.2,,,productivity,1.0
22.0,Male,3.9,7.8,,,productivity,1.0
19.0,Female,3.6,8.1,,,productivity,1.0
21.0,Male,5.6,6.6,,,productivity,0.0
20.0,Female,4.9,6.9,,,productivity,0.0
22.0,Male,4.6,7.5,,,productivity,1.0
19.0,Female,6.7,5.8,,,productivity,0.0
21.0,Male,5.4,6.5,,,productivity,0.0
20.0,Female,4.4,7.4,,,productivity,1.0
22.0,Male,4.0,7.6,,,productivity,1.0
19.0,Female,3.4,8.2,,,productivity,1.0
21.0,Male,5.3,6.8,,,productivity,0.0
20.0,Female,5.0,6.7,,,productivity,0.0
22.0,Male,4.4,7.6,,,productivity,1.0
19.0,Female,6.6,5.6,,,productivity,0.0
21.0,Male,5.3,6.3,,,productivity,0.0
20.0,Female,4.3,7.5,,,productivity,1.0
22.0,Male,3.8,7.7,,,productivity,1.0
19.0,Female,3.3,8.3,,,productivity,1.0
21.0,Male,5.2,6.9,,,productivity,0.0
20.0,Female,4.8,7.0,,,productivity,0.0
22.0,Male,4.3,7.7,,,productivity,1.0
19.0,Female,6.4,5.7,,,productivity,0.0
21.0,Male,5.2,6.4,,,productivity,0.0
20.0,Female,4.5,7.3,,,productivity,1.0
22.0,Male,3.7,7.8,,,productivity,1.0
19.0,Female,3.2,8.4,,,productivity,1.0
21.0,Male,5.4,6.7,,,productivity,0.0
20.0,Female,4.7,7.1,,,productivity,0.0
22.0,Male,4.2,7.8,,,productivity,1.0
19.0,Female,6.6,5.5,,,productivity,0.0
21.0,Male,5.1,6.5,,,productivity,0.0
20.0,Female,4.4,7.4,,,productivity,1.0
22.0,Male,3.6,7.9,,,productivity,1.0
19.0,Female,3.1,8.5,,,productivity,1.0
21.0,Male,5.3,6.8,,,productivity,0.0
20.0,Female,4.6,7.2,,,productivity,0.0
22.0,Male,4.1,7.9,,,productivity,1.0
19.0,Female,6.7,5.4,,,productivity,0.0
21.0,Male,5.0,6.6,,,productivity,0.0
20.0,Female,4.3,7.5,,,productivity,1.0
22.0,Male,3.5,8.0,,,productivity,1.0
19.0,Female,3.0,8.6,,,productivity,1.0
21.0,Male,5.2,6.9,,,productivity,0.0
20.0,Female,4.5,7.3,,,productivity,0.0
22.0,Male,4.0,8.0,,,productivity,1.0
19.0,Female,6.8,5.3,,,productivity,0.0
21.0,Male,4.9,6.7,,,productivity,0.0
20.0,Female,4.2,7.6,,,productivity,1.0
22.0,Male,3.4,8.1,,,productivity,1.0
19.0,Female,2.9,8.7,,,productivity,1.0
21.0,Male,5.1,7.0,,,productivity,0.0
20.0,Female,4.4,7.4,,,productivity,0.0
22.0,Male,3.9,8.1,,,productivity,1.0
19.0,Female,6.9,5.2,,,productivity,0.0
21.0,Male,4.8,6.8,,,productivity,0.0
20.0,Female,4.1,7.7,,,productivity,1.0
22.0,Male,3.3,8.2,,,productivity,1.0
19.0,Female,2.8,8.8,,,productivity,1.0
21.0,Male,5.0,7.1,,,productivity,0.0
20.0,Female,4.3,7.5,,,productivity,0.0
22.0,Male,3.8,8.2,,,productivity,1.0
19.0,Female,7.0,5.1,,,productivity,0.0
21.0,Male,4.7,6.9,,,productivity,0.0
20.0,Female,4.0,7.8,,,productivity,1.0
22.0,Male,3.2,8.3,,,productivity,1.0
19.0,Female,2.7,8.9,,,productivity,1.0
21.0,Male,4.9,7.2,,,productivity,0.0
20.0,Female,4.2,7.6,,,productivity,0.0
22.0,Male,3.7,8.3,,,productivity,1.0
19.0,Female,7.1,5.0,,,productivity,0.0
21.0,Male,4.6,7.0,,,productivity,0.0
20.0,Female,3.9,7.9,,,productivity,1.0
22.0,Male,3.1,8.4,,,productivity,1.0
19.0,Female,5.2,6.8,,,productivity,0.0
21.0,Male,4.1,7.8,,,productivity,1.0
20.0,Female,5.0,7.0,,,productivity,0.0
22.0,Male,5.8,6.5,,,productivity,0.0
19.0,Female,4.0,7.9,,,productivity,1.0
21.0,Male,5.5,6.7,,,productivity,0.0
20.0,Female,6.8,5.5,,,productivity,0.0
22.0,Male,5.6,6.6,,,productivity,0.0
19.0,Female,4.5,7.5,,,productivity,1.0
21.0,Male,5.3,6.9,,,productivity,0.0
20.0,Female,5.1,6.7,,,productivity,0.0
22.0,Male,3.9,7.9,,,productivity,1.0
19.0,Female,4.8,7.1,,,productivity,0.0
21.0,Male,5.9,6.4,,,productivity,0.0
20.0,Female,3.8,8.0,,,productivity,1.0
22.0,Male,5.4,6.8,,,productivity,0.0
19.0,Female,6.9,5.4,,,productivity,0.0
21.0,Male,5.7,6.5,,,productivity,0.0
20.0,Female,4.4,7.6,,,productivity,1.0
22.0,Male,5.2,7.0,,,productivity,0.0
19.0,Female,5.0,6.9,,,productivity,0.0
21.0,Male,3.8,8.0,,,productivity,1.0
20.0,Female,4.7,7.2,,,productivity,0.0
22.0,Male,6.0,6.3,,,productivity,0.0
19.0,Female,3.7,8.1,,,productivity,1.0
21.0,Male,5.3,6.9,,,productivity,0.0
20.0,Female,7.0,5.3,,,productivity,0.0
22.0,Male,5.8,6.4,,,productivity,0.0
19.0,Female,4.3,7.7,,,productivity,1.0
21.0,Male,5.1,7.1,,,productivity,0.0
20.0,Female,4.9,7.0,,,productivity,0.0
22.0,Male,3.7,8.1,,,productivity,1.0
19.0,Female,4.6,7.3,,,productivity,0.0
21.0,Male,6.1,6.2,,,productivity,0.0
20.0,Female,3.6,8.2,,,productivity,1.0
22.0,Male,5.2,7.0,,,productivity,0.0
19.0,Female,7.1,5.2,,,productivity,0.0
21.0,Male,5.9,6.3,,,productivity,0.0
20.0,Female,4.2,7.8,,,productivity,1.0
22.0,Male,5.0,7.2,,,productivity,0.0
19.0,Female,4.8,7.1,,,productivity,0.0
21.0,Male,3.6,8.2,,,productivity,1.0
20.0,Female,4.5,7.4,,,productivity,0.0
22.0,Male,6.2,6.1,,,productivity,0.0
19.0,Female,3.5,8.3,,,productivity,1.0
21.0,Male,5.1,7.1,,,productivity,0.0
20.0,Female,7.2,5.1,,,productivity,0.0
22.0,Male,6.0,6.2,,,productivity,0.0
19.0,Female,4.1,7.9,,,productivity,1.0
21.0,Male,4.9,7.3,,,productivity,0.0
20.0,Female,4.7,7.2,,,productivity,0.0
22.0,Male,3.5,8.3,,,productivity,1.0
19.0,Female,4.4,7.5,,,productivity,0.0
21.0,Male,6.3,6.0,,,productivity,0.0
20.0,Female,3.4,8.4,,,productivity,1.0
22.0,Male,5.0,7.2,,,productivity,0.0
19.0,Female,7.3,5.0,,,productivity,0.0
21.0,Male,6.1,6.1,,,productivity,0.0
20.0,Female,4.0,8.0,,,productivity,1.0
22.0,Male,4.8,7.4,,,productivity,0.0
19.0,Female,4.6,7.3,,,productivity,0.0
21.0,Male,3.4,8.4,,,productivity,1.0
20.0,Female,4.3,7.6,,,productivity,0.0
22.0,Male,6.4,5.9,,,productivity,0.0
19.0,Female,3.3,8.5,,,productivity,1.0
21.0,Male,4.9,7.3,,,productivity,0.0
20.0,Female,7.4,4.9,,,productivity,0.0
22.0,Male,6.2,6.0,,,productivity,0.0
19.0,Female,3.9,8.1,,,productivity,1.0
21.0,Male,4.7,7.5,,,productivity,0.0
20.0,Female,4.5,7.4,,,productivity,0.0
22.0,Male,3.3,8.5,,,productivity,1.0
19.0,Female,4.2,7.7,,,productivity,0.0
21.0,Male,6.5,5.8,,,productivity,0.0
20.0,Female,3.2,8.6,,,productivity,1.0
22.0,Male,4.8,7.4,,,productivity,0.0
19.0,Female,7.5,4.8,,,productivity,0.0
21.0,Male,6.3,5.9,,,productivity,0.0
20.0,Female,3.8,8.2,,,productivity,1.0
22.0,Male,4.6,7.6,,,productivity,0.0
19.0,Female,4.4,7.5,,,productivity,0.0
21.0,Male,3.2,8.6,,,productivity,1.0
20.0,Female,4.1,7.8,,,productivity,0.0
22.0,Male,6.6,5.7,,,productivity,0.0
19.0,Female,3.1,8.7,,,productivity,1.0
21.0,Male,4.7,7.5,,,productivity,0.0
20.0,Female,7.6,4.7,,,productivity,0.0
22.0,Male,6.4,5.8,,,productivity,0.0
19.0,Female,3.7,8.3,,,productivity,1.0
21.0,Male,4.5,7.7,,,productivity,0.0
20.0,Female,4.3,7.6,,,productivity,0.0
22.0,Male,3.1,8.7,,,productivity,1.0
19.0,Female,4.0,7.9,,,productivity,0.0
21.0,Male,6.7,5.6,,,productivity,0.0
20.0,Female,3.0,8.8,,,productivity,1.0
22.0,Male,4.6,7.6,,,productivity,0.0
19.0,Female,7.7,4.6,,,productivity,0.0
21.0,Male,6.5,5.7,,,productivity,0.0
20.0,Female,3.6,8.4,,,productivity,1.0
22.0,Male,4.4,7.8,,,productivity,0.0
19.0,Female,4.2,7.7,,,productivity,0.0
21.0,Male,3.0,8.8,,,productivity,1.0
20.0,Female,3.9,8.0,,,productivity,0.0
22.0,Male,6.8,5.5,,,productivity,0.0
19.0,Female,2.9,8.9,,,productivity,1.0
21.0,Male,4.5,7.7,,,productivity,0.0
20.0,Female,7.8,4.5,,,productivity,0.0
22.0,Male,6.6,5.6,,,productivity,0.0
19.0,Female,3.5,8.5,,,productivity,1.0
21.0,Male,4.3,7.9,,,productivity,0.0
20.0,Female,4.1,7.8,,,productivity,0.0
22.0,Male,2.9,8.9,,,productivity,1.0
19.0,Female,3.8,8.1,,,productivity,0.0
21.0,Male,6.9,5.4,,,productivity,0.0
20.0,Female,2.8,9.0,,,productivity,1.0
22.0,Male,4.4,7.8,,,productivity,0.0
19.0,Female,7.9,4.4,,,productivity,0.0
21.0,Male,6.7,5.5,,,productivity,0.0
20.0,Female,3.4,8.6,,,productivity,1.0
22.0,Male,4.2,8.0,,,productivity,0.0
19.0,Female,4.0,7.9,,,productivity,0.0
21.0,Male,2.8,9.0,,,productivity,1.0
20.0,Female,3.7,8.2,,,productivity,0.0
22.0,Male,7.0,5.3,,,productivity,0.0
19.0,Female,2.7,9.1,,,productivity,1.0
21.0,Male,4.3,7.9,,,productivity,0.0
20.0,Female,8.0,4.3,,,productivity,0.0
22.0,Male,6.8,5.4,,,productivity,0.0
19.0,Female,3.3,8.7,,,productivity,1.0
21.0,Male,4.1,8.1,,,productivity,0.0
20.0,Female,3.9,8.0,,,productivity,0.0
22.0,Male,2.7,9.1,,,productivity,1.0
19.0,Female,3.6,8.3,,,productivity,0.0
21.0,Male,7.1,5.2,,,productivity,0.0
20.0,Female,2.6,9.2,,,productivity,1.0
22.0,Male,4.2,8.0,,,productivity,0.0
19.0,Female,8.1,4.2,,,productivity,0.0
21.0,Male,6.9,5.3,,,productivity,0.0
20.0,Female,3.2,8.8,,,productivity,1.0
22.0,Male,4.0,8.2,,,productivity,0.0
19.0,Female,3.8,8.1,,,productivity,0.0
21.0,Male,2.6,9.2,,,productivity,1.0
20.0,Female,3.5,8.4,,,productivity,0.0
22.0,Male,7.2,5.1,,,productivity,0.0
19.0,Female,2.5,9.3,,,productivity,1.0
21.0,Male,4.1,8.1,,,productivity,0.0
20.0,Female,8.2,4.1,,,productivity,0.0
22.0,Male,7.0,5.2,,,productivity,0.0
19.0,Female,3.1,8.9,,,productivity,1.0
21.0,Male,3.9,8.3,,,productivity,0.0
20.0,Female,3.7,8.2,,,productivity,0.0
22.0,Male,2.5,9.3,,,productivity,1.0
19.0,Female,3.4,8.5,,,productivity,0.0
21.0,Male,7.3,5.0,,,productivity,0.0
20.0,Female,2.4,9.4,,,productivity,1.0
22.0,Male,4.0,8.2,,,productivity,0.0
19.0,Female,8.3,4.0,,,productivity,0.0
21.0,Male,7.1,5.1,,,productivity,0.0
20.0,Female,3.0,9.0,,,productivity,1.0
22.0,Male,3.8,8.4,,,productivity,0.0
19.0,Female,3.6,8.3,,,productivity,0.0
21.0,Male,2.4,9.4,,,productivity,1.0
20.0,Female,3.3,8.6,,,productivity,0.0
22.0,Male,7.4,4.9,,,productivity,0.0
19.0,Female,2.3,9.5,,,productivity,1.0
21.0,Male,3.9,8.3,,,productivity,0.0
20.0,Female,8.4,3.9,,,productivity,0.0
22.0,Male,7.2,5.0,,,productivity,0.0
19.0,Female,2.9,9.1,,,productivity,1.0
21.0,Male,3.7,8.5,,,productivity,0.0
20.0,Female,3.5,8.4,,,productivity,0.0
22.0,Male,2.3,9.5,,,productivity,1.0
19.0,Female,3.2,8.7,,,productivity,0.0
21.0,Male,7.5,4.8,,,productivity,0.0
20.0,Female,2.2,9.6,,,productivity,1.0
22.0,Male,3.8,8.4,,,productivity,0.0
19.0,Female,8.5,3.8,,,productivity,0.0
21.0,Male,7.3,4.9,,,productivity,0.0
20.0,Female,2.8,9.2,,,productivity,1.0
22.0,Male,3.6,8.6,,,productivity,0.0
19.0,Female,6.2,6.3,,,productivity,0.0
21.0,Male,4.5,7.8,,,productivity,1.0
20.0,Female,3.8,8.2,,,productivity,1.0
22.0,Male,4.7,7.5,,,productivity,0.0
19.0,Female,5.1,7.0,,,productivity,0.0
21.0,Male,5.5,6.8,,,productivity,0.0
20.0,Female,6.5,6.5,,,productivity,0.0
22.0,Male,4.2,7.9,,,productivity,1.0
19.0,Female,6.8,6.0,,,productivity,0.0
21.0,Male,4.8,7.4,,,productivity,0.0
20.0,Female,6.1,6.4,,,productivity,0.0
22.0,Male,4.4,7.9,,,productivity,1.0
19.0,Female,3.7,8.3,,,productivity,1.0
21.0,Male,4.6,7.6,,,productivity,0.0
20.0,Female,5.2,6.9,,,productivity,0.0
22.0,Male,5.6,6.7,,,productivity,0.0
19.0,Female,6.6,6.4,,,productivity,0.0
21.0,Male,4.1,8.0,,,productivity,1.0
20.0,Female,6.9,5.9,,,productivity,0.0
22.0,Male,4.7,7.5,,,productivity,0.0
19.0,Female,6.0,6.5,,,productivity,0.0
21.0,Male,4.3,8.0,,,productivity,1.0
20.0,Female,3.6,8.4,,,productivity,1.0
22.0,Male,4.5,7.7,,,productivity,0.0
19.0,Female,5.3,6.8,,,productivity,0.0
21.0,Male,5.7,6.6,,,productivity,0.0
20.0,Female,6.7,6.3,,,productivity,0.0
22.0,Male,4.0,8.1,,,productivity,1.0
19.0,Female,7.0,5.8,,,productivity,0.0
21.0,Male,4.6,7.6,,,productivity,0.0
20.0,Female,5.9,6.6,,,productivity,0.0
22.0,Male,4.2,8.1,,,productivity,1.0
19.0,Female,3.5,8.5,,,productivity,1.0
21.0,Male,4.4,7.8,,,productivity,0.0
20.0,Female,5.4,6.7,,,productivity,0.0
22.0,Male,5.8,6.5,,,productivity,0.0
19.0,Female,6.8,6.2,,,productivity,0.0
21.0,Male,3.9,8.2,,,productivity,1.0
20.0,Female,7.1,5.7,,,productivity,0.0
22.0,Male,4.5,7.7,,,productivity,0.0
19.0,Female,5.8,6.7,,,productivity,0.0
21.0,Male,4.1,8.2,,,productivity,1.0
20.0,Female,3.4,8.6,,,productivity,1.0
22.0,Male,4.3,7.9,,,productivity,0.0
19.0,Female,5.5,6.6,,,productivity,0.0
21.0,Male,5.9,6.4,,,productivity,0.0
20.0,Female,6.9,6.1,,,productivity,0.0
22.0,Male,3.8,8.3,,,productivity,1.0
19.0,Female,7.2,5.6,,,productivity,0.0
21.0,Male,4.4,7.8,,,productivity,0.0
20.0,Female,5.7,6.8,,,productivity,0.0
22.0,Male,4.0,8.3,,,productivity,1.0
19.0,Female,3.3,8.7,,,productivity,1.0
21.0,Male,4.2,8.0,,,productivity,0.0
20.0,Female,5.6,6.5,,,productivity,0.0
22.0,Male,6.0,6.3,,,productivity,0.0
19.0,Female,7.0,6.0,,,productivity,0.0
21.0,Male,3.7,8.4,,,productivity,1.0
20.0,Female,7.3,5.5,,,productivity,0.0
22.0,Male,4.3,7.9,,,productivity,0.0
19.0,Female,5.6,6.9,,,productivity,0.0
21.0,Male,3.9,8.4,,,productivity,1.0
20.0,Female,3.2,8.8,,,productivity,1.0
22.0,Male,4.1,8.1,,,productivity,0.0
19.0,Female,5.7,6.4,,,productivity,0.0
21.0,Male,6.1,6.2,,,productivity,0.0
20.0,Female,7.1,5.9,,,productivity,0.0
22.0,Male,3.6,8.5,,,productivity,1.0
19.0,Female,7.4,5.4,,,productivity,0.0
21.0,Male,4.2,8.0,,,productivity,0.0
20.0,Female,6.1,7.2,,,productivity,0.0
23.0,Male,3.8,7.8,,,productivity,1.0
19.0,Female,5.5,6.8,,,productivity,0.0
22.0,Male,7.2,5.9,,,productivity,0.0
21.0,Female,4.2,7.5,,,productivity,1.0
24.0,Male,6.8,6.2,,,productivity,0.0
20.0,Female,5.9,6.7,,,productivity,0.0
22.0,Male,6.5,6.1,,,productivity,0.0
19.0,Female,4.7,7.4,,,productivity,1.0
23.0,Male,5.2,7.0,,,productivity,0.0
21.0,Female,6.3,6.4,,,productivity,0.0
24.0,Male,4.9,7.3,,,productivity,1.0
20.0,Female,6.7,6.0,,,productivity,0.0
22.0,Male,5.8,6.5,,,productivity,0.0
19.0,Female,4.5,7.6,,,productivity,1.0
23.0,Male,6.4,6.3,,,productivity,0.0
21.0,Female,4.1,7.7,,,productivity,1.0
24.0,Male,6.6,6.2,,,productivity,0.0
20.0,Female,4.4,7.4,,,productivity,1.0
22.0,Male,5.7,6.8,,,productivity,0.0
19.0,Female,7.0,5.8,,,productivity,0.0
23.0,Male,4.3,7.5,,,productivity,1.0
21.0,Female,6.9,6.1,,,productivity,0.0
24.0,Male,5.6,6.9,,,productivity,0.0
20.0,Female,6.2,6.3,,,productivity,0.0
21.0,Male,5.8,6.7,,,productivity,0.0
23.0,Female,4.9,7.3,,,productivity,1.0
20.0,Male,6.4,6.2,,,productivity,0.0
22.0,Female,5.1,7.1,,,productivity,1.0
19.0,Male,6.7,6.0,,,productivity,0.0
24.0,Female,5.5,6.8,,,productivity,0.0
21.0,Male,4.3,7.6,,,productivity,1.0
23.0,Female,6.2,6.4,,,productivity,0.0
20.0,Male,4.5,7.4,,,productivity,1.0
22.0,Female,6.3,6.3,,,productivity,0.0
19.0,Male,4.7,7.2,,,productivity,1.0
24.0,Female,5.9,6.6,,,productivity,0.0
21.0,Male,7.1,5.7,,,productivity,0.0
23.0,Female,4.4,7.4,,,productivity,1.0
20.0,Male,6.6,6.2,,,productivity,0.0
22.0,Female,5.4,6.9,,,productivity,0.0
19.0,Male,6.5,6.1,,,productivity,0.0
24.0,Female,4.8,7.3,,,productivity,1.0
21.0,Male,5.7,6.7,,,productivity,0.0
23.0,Female,6.1,6.4,,,productivity,0.0
20.0,Male,4.6,7.2,,,productivity,1.0
22.0,Female,6.8,5.9,,,productivity,0.0
19.0,Male,5.6,6.8,,,productivity,0.0
24.0,Female,4.2,7.5,,,productivity,1.0
21.0,Male,6.3,6.3,,,productivity,0.0
23.0,Female,4.4,7.4,,,productivity,1.0
20.0,Male,6.5,6.2,,,productivity,0.0
22.0,Female,4.6,7.3,,,productivity,1.0
19.0,Male,5.8,6.6,,,productivity,0.0
24.0,Female,7.0,5.8,,,productivity,0.0
21.0,Male,4.5,7.3,,,productivity,1.0
23.0,Female,6.7,6.1,,,productivity,0.0
20.0,Male,5.5,6.8,,,productivity,0.0
22.0,Female,6.4,6.2,,,productivity,0.0
19.0,Male,4.7,7.2,,,productivity,1.0
24.0,Female,5.6,6.7,,,productivity,0.0
21.0,Male,6.2,6.3,,,productivity,0.0
23.0,Female,4.8,7.1,,,productivity,1.0
20.0,Male,6.9,5.9,,,productivity,0.0
22.0,Female,5.7,6.7,,,productivity,0.0
19.0,Male,4.4,7.4,,,productivity,1.0
24.0,Female,6.1,6.4,,,productivity,0.0
21.0,Male,4.3,7.5,,,productivity,1.0
23.0,Female,6.4,6.2,,,productivity,0.0
20.0,Male,4.5,7.3,,,productivity,1.0
22.0,Female,5.9,6.5,,,productivity,0.0
19.0,Male,7.2,5.7,,,productivity,0.0
24.0,Female,4.6,7.2,,,productivity,1.0
21.0,Male,6.8,6.0,,,productivity,0.0
23.0,Female,5.3,6.8,,,productivity,0.0
22.0,Male,6.3,6.2,,,productivity,0.0
20.0,Female,4.8,7.1,,,productivity,1.0
23.0,Male,5.7,6.6,,,productivity,0.0
21.0,Female,6.2,6.3,,,productivity,0.0
24.0,Male,4.7,7.2,,,productivity,1.0
19.0,Female,6.8,5.9,,,productivity,0.0
22.0,Male,5.6,6.7,,,productivity,0.0
20.0,Female,4.3,7.5,,,productivity,1.0
23.0,Male,6.2,6.3,,,productivity,0.0
21.0,Female,4.4,7.4,,,productivity,1.0
24.0,Male,6.5,6.1,,,productivity,0.0
19.0,Female,4.6,7.3,,,productivity,1.0
22.0,Male,5.8,6.6,,,productivity,0.0
20.0,Female,7.1,5.8,,,productivity,0.0
23.0,Male,4.5,7.3,,,productivity,1.0
21.0,Female,6.7,6.0,,,productivity,0.0
24.0,Male,5.4,6.8,,,productivity,0.0
19.0,Female,6.4,6.2,,,productivity,0.0
22.0,Male,4.7,7.2,,,productivity,1.0
20.0,Female,5.6,6.7,,,productivity,0.0
23.0,Male,6.3,6.2,,,productivity,0.0
21.0,Female,4.8,7.1,,,productivity,1.0
24.0,Male,6.9,5.9,,,productivity,0.0
19.0,Female,5.7,6.7,,,productivity,0.0
22.0,Male,4.4,7.4,,,productivity,1.0
20.0,Female,6.1,6.4,,,productivity,0.0
23.0,Male,4.3,7.5,,,productivity,1.0
21.0,Female,6.4,6.2,,,productivity,0.0
24.0,Male,4.5,7.3,,,productivity,1.0
19.0,Female,5.9,6.5,,,productivity,0.0
22.0,Male,7.2,5.7,,,productivity,0.0
20.0,Female,4.6,7.2,,,productivity,1.0
23.0,Male,6.8,6.0,,,productivity,0.0
21.0,Female,5.3,6.8,,,productivity,0.0
24.0,Male,6.2,6.3,,,productivity,0.0
19.0,Female,4.7,7.2,,,productivity,1.0
22.0,Male,5.8,6.6,,,productivity,0.0
20.0,Female,6.1,6.4,,,productivity,0.0
23.0,Male,4.8,7.1,,,productivity,1.0
21.0,Female,6.7,6.0,,,productivity,0.0
24.0,Male,5.5,6.8,,,productivity,0.0
19.0,Female,4.2,7.5,,,productivity,1.0
22.0,Male,6.3,6.2,,,productivity,0.0
20.0,Female,4.4,7.4,,,productivity,1.0
23.0,Male,6.5,6.1,,,productivity,0.0
21.0,Female,4.6,7.3,,,productivity,1.0
24.0,Male,5.9,6.5,,,productivity,0.0
19.0,Female,7.0,5.8,,,productivity,0.0
22.0,Male,4.5,7.3,,,productivity,1.0
20.0,Female,6.6,6.1,,,productivity,0.0
23.0,Male,5.5,6.7,,,productivity,0.0
21.0,Female,6.3,6.2,,,productivity,0.0
24.0,Male,4.8,7.1,,,productivity,1.0
19.0,Female,5.7,6.6,,,productivity,0.0
22.0,Male,6.2,6.3,,,productivity,0.0
20.0,Female,4.7,7.2,,,productivity,1.0
23.0,Male,6.8,5.9,,,productivity,0.0
21.0,Female,5.6,6.7,,,productivity,0.0
24.0,Male,4.3,7.5,,,productivity,1.0
19.0,Female,6.2,6.3,,,productivity,0.0
